group_name,seqnames,start,end
cg12015355,chr12,50812358,50812360
cg25846372,chr21,38608600,38608602
cg09969462,chr17,80734496,80734498
cg25626999,chr19,3189495,3189497
cg18810506,chr16,46932193,46932195
cg17809595,chr15,40395912,40395914
cg11683242,chr1,32716556,32716558
cg02182476,chr19,7538083,7538085
cg00828556,chr3,196351985,196351987
cg25074794,chr10,45958884,45958886
cg18072687,chr11,2406271,2406273
cg05569131,chr6,36665619,36665621
cg17698117,chr12,51751380,51751382
cg11180921,chr11,57090225,57090227
cg18571045,chr13,113238005,113238007
cg13067714,chr14,69091452,69091454
cg19533955,chr3,99790877,99790879
cg02332110,chr6,56714994,56714996
cg13668025,chr3,67706319,67706321
cg26508200,chr12,109235070,109235072
cg20042612,chr14,23027727,23027729
cg08301743,chr19,10916351,10916353
cg12103219,chr19,30165307,30165309
cg04367345,chr11,44332635,44332637
cg15823461,chr11,60699565,60699567
cg20071624,chr7,5258356,5258358
cg09248826,chr9,130860838,130860840
cg11867718,chr11,61647696,61647698
cg03732020,chr11,47282967,47282969
cg00656410,chr1,1157540,1157542
cg12500857,chr7,73645929,73645931
cg27305893,chr12,57894137,57894139
cg09123760,chr12,122712211,122712213
cg25642069,chr8,144408229,144408231
cg24188561,chr19,39387768,39387770
cg04162316,chr17,78786354,78786356
cg01148975,chr17,25822785,25822787
cg11386978,chr5,14326043,14326045
cg18201212,chr9,135259156,135259158
cg23071286,chr15,91360200,91360202
cg12585732,chr10,80920576,80920578
cg12747467,chr17,1104695,1104697
cg11944324,chr11,1296535,1296537
cg03128303,chr20,34229822,34229824
cg26350671,chr20,3788427,3788429
cg15900159,chr13,24421417,24421419
cg02054108,chr2,61607477,61607479
cg00842595,chr17,263192,263194
cg21603759,chr4,2849288,2849290
cg02385661,chr19,13215728,13215730
cg06882829,chr6,170396222,170396224
cg13293139,chr3,12222247,12222249
cg14861383,chr3,150458605,150458607
cg13964181,chr8,11714879,11714881
cg00610310,chr16,1128739,1128741
cg04273871,chr10,102894226,102894228
cg10067737,chr2,89159187,89159189
cg00346244,chr16,87468225,87468227
cg09696715,chr17,79565700,79565702
cg15703314,chr6,513296,513298
cg03530155,chr5,43416919,43416921
cg01056126,chr18,22039874,22039876
cg26669602,chr20,62243856,62243858
cg08075204,chr12,51718111,51718113
cg14249520,chr11,68530176,68530178
cg10608596,chr19,11785124,11785126
cg17500342,chr14,77382481,77382483
cg16585570,chr5,80902302,80902304
cg09776718,chr19,30164819,30164821
cg17528418,chr22,24142902,24142904
cg05877788,chr17,27899873,27899875
cg25838060,chr7,139932728,139932730
cg27011416,chr6,87804943,87804945
cg13610659,chr12,56622607,56622609
cg08888322,chr21,34668628,34668630
cg15427886,chr8,55379662,55379664
cg16069845,chr8,102064120,102064122
cg22275872,chr11,1316435,1316437
cg03597940,chr19,3494620,3494622
cg03935228,chr7,104771545,104771547
cg19176391,chr11,67070759,67070761
cg09630038,chr14,102286772,102286774
cg08087060,chr16,87795807,87795809
cg22908922,chr14,105855007,105855009
cg10917426,chr6,31867697,31867699
cg19688999,chr10,59961764,59961766
cg18563860,chr20,57583390,57583392
cg22941668,chr5,148810179,148810181
cg14067377,chr3,194896526,194896528
cg03636618,chr14,64228584,64228586
cg19045191,chr11,34167854,34167856
cg04311811,chr20,48383973,48383975
cg01656547,chr21,47970841,47970843
cg15015109,chr17,65136479,65136481
cg14094409,chr12,122712092,122712094
cg16891352,chr17,80881835,80881837
cg08975528,chr6,31867699,31867701
cg14644456,chr20,35495546,35495548
cg19426413,chr17,29302234,29302236
cg16805334,chr10,103661275,103661277
cg11222173,chr17,78748018,78748020
cg26245368,chr16,3996294,3996296
cg09160401,chr16,27767813,27767815
cg09865411,chr18,24019172,24019174
cg17817613,chr21,43580647,43580649
cg08472008,chr4,3531602,3531604
cg11561282,chr4,84168423,84168425
cg20474850,chr4,174450082,174450084
cg15242630,chr22,18488477,18488479
cg10263304,chr2,239093659,239093661
cg06963503,chr6,35331258,35331260
cg03270919,chr1,16450403,16450405
cg24271161,chr2,25841822,25841824
cg21565496,chr13,40762149,40762151
cg00504500,chr8,131017505,131017507
cg10566933,chr4,139832327,139832329
cg03091551,chr14,57275966,57275968
cg20699157,chr13,24528150,24528152
cg10660635,chr11,1780293,1780295
cg27420834,chr15,56940577,56940579
cg02081266,chr17,59529617,59529619
cg22023664,chr19,2619607,2619609
cg01031101,chr6,28227090,28227092
cg24958342,chr10,22375786,22375788
cg14300089,chr17,74044445,74044447
cg15251256,chr12,46101446,46101448
cg09875326,chr16,85665048,85665050
cg07396047,chr16,87735076,87735078
cg22547206,chr10,103296015,103296017
cg06494464,chr22,24992603,24992605
cg16291589,chr20,6023177,6023179
cg26088614,chr2,26039145,26039147
cg26613634,chr9,116225792,116225794
cg12382960,chr14,81672131,81672133
cg20487608,chr6,15288125,15288127
cg13996193,chr8,19533748,19533750
cg09817814,chr19,6244503,6244505
cg06159782,chr9,93909427,93909429
cg27409651,chr11,61125000,61125002
cg17168057,chr15,78380341,78380343
cg26458072,chr10,102279693,102279695
cg05501996,chr5,50673729,50673731
cg06635946,chr22,46470015,46470017
cg18664915,chr7,1043860,1043862
cg13107908,chr7,43682594,43682596
cg15059065,chr19,17354960,17354962
cg01005608,chr4,10007948,10007950
cg26306976,chr2,9564900,9564902
cg14259466,chr10,135090996,135090998
cg16093065,chr22,40720632,40720634
cg15208672,chr13,114173023,114173025
cg25763393,chr19,52956831,52956833
cg05337383,chr3,28356543,28356545
cg24734928,chr13,100309350,100309352
cg25270899,chr13,101315318,101315320
cg04917472,chr20,57583285,57583287
cg08730245,chr12,53902892,53902894
cg07256463,chr17,40792346,40792348
cg14602222,chr12,1025662,1025664
cg08526904,chr19,19266490,19266492
cg16000989,chr4,41983715,41983717
cg04593460,chr7,2045487,2045489
cg06625610,chr9,136659261,136659263
cg15209998,chr17,29837056,29837058
cg20746318,chr21,27095176,27095178
cg16017800,chr6,157184113,157184115
cg04058177,chr16,48464928,48464930
cg20090662,chr11,46343426,46343428
cg07584494,chr19,5074757,5074759
cg05851482,chr16,392722,392724
cg27579771,chr5,142431271,142431273
cg09449988,chr7,151328115,151328117
cg23111945,chr11,70079988,70079990
cg17566718,chr10,72357734,72357736
cg19188597,chr22,46469941,46469943
cg13342014,chr21,45350324,45350326
cg15536651,chrX,100546352,100546354
cg27638835,chr16,386372,386374
cg05968833,chr2,86266050,86266052
cg03034148,chr6,2784575,2784577
cg01429558,chr1,43214546,43214548
cg20870372,chr13,99867981,99867983
cg06047066,chr3,129242306,129242308
cg26065310,chr9,139812237,139812239
cg08553572,chr19,947764,947766
cg07393058,chr18,11962888,11962890
cg01530292,chr19,5669473,5669475
cg09762242,chr11,65408428,65408430
cg04616571,chr10,105792530,105792532
cg12711889,chr7,139335403,139335405
cg19086033,chr15,78464456,78464458
cg04163967,chr21,39870626,39870628
cg04060138,chr5,145552770,145552772
cg11980117,chr22,22751699,22751701
cg14579184,chr17,80873364,80873366
cg16316183,chr12,129299464,129299466
cg19225438,chr14,64915053,64915055
cg15451187,chr16,69504162,69504164
cg18143296,chr3,157812762,157812764
cg01291375,chr6,170753312,170753314
cg17615629,chr6,30459866,30459868
cg06827976,chr1,27950588,27950590
cg07385375,chr3,16467725,16467727
cg19442004,chr22,31668638,31668640
cg11250268,chr20,62297747,62297749
cg10809434,chr16,27243529,27243531
cg22161674,chr2,235073159,235073161
cg18169610,chr11,2415616,2415618
cg21792134,chr3,121491381,121491383
cg15958366,chr3,187957026,187957028
cg07231045,chr8,142219443,142219445
cg07293059,chr20,61582920,61582922
cg17974145,chr7,101671555,101671557
cg16733705,chr12,85667615,85667617
cg20039163,chr8,118994562,118994564
cg22620221,chr7,153584415,153584417
cg13180508,chr22,24179355,24179357
cg02185182,chr7,2185549,2185551
cg11859419,chr14,51265000,51265002
cg21724658,chr5,39221058,39221060
cg14918424,chr8,121390869,121390871
cg13928306,chr16,3162396,3162398
cg08629372,chr19,10677833,10677835
cg00157572,chr14,60977960,60977962
cg09867669,chr17,2203332,2203334
cg19512737,chr5,171595486,171595488
cg20568305,chr22,47070250,47070252
cg15539117,chr2,85660998,85661000
cg22051913,chr2,430054,430056
cg03388043,chr17,80084553,80084555
cg02110603,chr20,48915870,48915872
cg16834212,chr3,67706499,67706501
cg03831862,chr7,139340249,139340251
cg13043748,chr20,431080,431082
cg13618516,chr17,79129077,79129079
cg19015143,chr11,124972761,124972763
cg10527635,chr3,43389350,43389352
cg00314173,chr1,15748262,15748264
cg11072837,chr10,105793357,105793359
cg12521152,chr16,71762003,71762005
cg19011001,chr14,93539612,93539614
cg02464822,chr6,13733591,13733593
cg07537591,chr3,11661074,11661076
cg03331514,chr7,1577015,1577017
cg14690711,chr12,132255516,132255518
cg03903974,chr8,131017591,131017593
cg04819180,chr17,80829156,80829158
cg24895155,chr8,127837198,127837200
cg14882828,chr5,14758149,14758151
cg23901274,chr21,28168535,28168537
cg05049790,chr5,1499151,1499153
cg04440811,chr11,129817711,129817713
cg02290460,chr8,619874,619876
cg22028456,chr11,124942621,124942623
cg01616956,chr2,232393195,232393197
cg25752703,chr3,128710389,128710391
cg15429655,chr10,71923412,71923414
cg22666015,chr2,233981884,233981886
cg24341448,chr1,42166702,42166704
cg17929130,chr20,62435353,62435355
cg26914256,chr2,106473733,106473735
cg17321723,chr7,2116381,2116383
cg04698991,chr8,28636028,28636030
cg10098541,chr3,122785649,122785651
cg21787305,chr17,71308805,71308807
cg13640297,chr6,170099237,170099239
cg19295170,chr15,74683602,74683604
cg18310515,chr2,85921528,85921530
cg16904106,chr20,62521330,62521332
cg07986378,chr12,11898283,11898285
cg13738327,chr11,68139232,68139234
cg09019636,chr2,62964765,62964767
cg08443124,chr19,2681038,2681040
cg14015828,chr13,100027480,100027482
cg18158479,chr8,42104532,42104534
cg17416169,chr13,44838700,44838702
cg24726200,chr21,38378345,38378347
cg04831943,chr6,159519420,159519422
cg14946236,chr9,134129690,134129692
cg17554464,chr12,56864387,56864389
cg24585781,chr10,47599298,47599300
cg09859208,chr8,68229499,68229501
cg24991963,chr14,35854974,35854976
cg13022415,chr17,465529,465531
cg21515766,chr5,171595342,171595344
cg10276098,chr8,8859548,8859550
cg08078028,chr10,120802095,120802097
cg10104480,chr16,72955249,72955251
cg17884674,chr19,1967197,1967199
cg22878786,chr12,56400855,56400857
cg25476713,chr8,8102120,8102122
cg07248377,chr16,4732405,4732407
cg16710656,chr16,89381967,89381969
cg14976569,chr19,4667104,4667106
cg26647135,chr7,99954399,99954401
cg21359303,chr10,106068572,106068574
cg22900360,chr10,72360371,72360373
cg14159576,chr7,47660961,47660963
cg25285289,chr2,96899770,96899772
cg15417024,chr1,33248745,33248747
cg00681462,chr14,75800723,75800725
cg02592133,chr2,99526034,99526036
cg16014651,chr7,5435065,5435067
cg10374063,chr13,93496027,93496029
cg13652798,chr7,102084083,102084085
cg21498676,chr17,3621707,3621709
cg19196676,chr12,45598673,45598675
cg26648455,chr7,19736013,19736015
cg07528283,chr3,133285995,133285997
cg00678912,chr2,214106613,214106615
cg11731596,chr17,15821129,15821131
cg11108105,chr16,81772909,81772911
cg26396370,chr2,10194751,10194753
cg15486224,chr8,101527560,101527562
cg22089737,chr2,74726632,74726634
cg08748811,chr4,47467251,47467253
cg10802680,chr12,122712074,122712076
cg13318914,chr6,31695060,31695062
cg06918740,chr19,18509972,18509974
cg15341692,chr11,72454695,72454697
cg18661463,chr13,103360027,103360029
cg20302236,chr8,28637292,28637294
cg05486531,chr19,39087342,39087344
cg08373904,chr11,1543274,1543276
cg02075976,chr20,10614572,10614574
cg10157558,chr10,62671227,62671229
cg25386954,chr5,60640138,60640140
cg04340595,chr1,9789173,9789175
cg18320790,chr15,89638572,89638574
cg01348584,chr7,4911021,4911023
cg06852746,chr10,70974643,70974645
cg22982754,chr5,130731993,130731995
cg02935272,chr18,3067384,3067386
cg11291456,chr12,69014520,69014522
cg05593759,chr5,125695847,125695849
cg03891962,chr16,89336559,89336561
cg03064900,chr4,190566140,190566142
cg27142604,chr18,43643041,43643043
cg02925148,chr6,43191651,43191653
cg07965924,chr12,122234979,122234981
cg25268422,chr9,136659312,136659314
cg09766547,chr7,30465149,30465151
cg24690563,chr14,81672111,81672113
cg02022181,chr7,1063890,1063892
cg23598378,chr6,42072985,42072987
cg02430840,chr22,26993175,26993177
cg00409987,chr11,46340784,46340786
cg09849319,chr5,1494982,1494984
cg11765227,chr11,111585872,111585874
cg04915079,chr19,18385850,18385852
cg20720686,chr7,75582880,75582882
cg06380691,chr13,114828263,114828265
cg05193189,chr12,133241536,133241538
cg18448570,chr10,98031336,98031338
cg12550496,chr6,169284343,169284345
cg11183227,chr15,91455406,91455408
cg20832643,chr6,111873827,111873829
cg25851277,chr3,42631428,42631430
cg20453460,chr11,70205086,70205088
cg24410690,chr12,129299480,129299482
cg10790709,chr12,95698083,95698085
cg17076369,chr2,88959143,88959145
cg16305792,chr12,48102138,48102140
cg03156020,chr13,100018982,100018984
cg12250581,chr12,2045809,2045811
cg16302816,chr11,16834799,16834801
cg22857085,chr4,85403222,85403224
cg06617327,chr18,3661480,3661482
cg15208685,chr14,69942381,69942383
cg00991875,chr6,161100375,161100377
cg21181210,chr14,105756865,105756867
cg00064733,chr7,153584037,153584039
cg26621918,chr22,20745994,20745996
cg00282192,chr11,57546040,57546042
cg11341144,chr3,185656288,185656290
cg22999830,chr14,93532631,93532633
cg11682923,chr3,127498389,127498391
cg12117703,chr19,56175673,56175675
cg24795700,chr2,134911362,134911364
cg03836521,chr16,30721269,30721271
cg06623899,chr8,142161839,142161841
cg05014732,chr8,61722765,61722767
cg06094959,chr15,75327053,75327055
cg11612905,chr2,234359653,234359655
cg24749672,chr12,51718107,51718109
cg08425623,chr16,89794299,89794301
cg04179951,chr15,78317695,78317697
cg13631075,chr6,80310884,80310886
cg00193210,chr22,31985571,31985573
cg21320221,chr17,79792996,79792998
cg11363726,chr3,16475414,16475416
cg02480298,chr11,36421229,36421231
cg01243072,chr2,43398170,43398172
cg23564664,chr2,113997916,113997918
cg04908211,chr6,113301254,113301256
cg05554782,chr11,76384691,76384693
cg09723776,chr8,126320142,126320144
cg06890747,chr7,39649289,39649291
cg15364446,chr14,49979047,49979049
cg21288307,chr21,30554263,30554265
cg06575611,chr8,144880592,144880594
cg06357748,chr12,1025528,1025530
cg12031275,chr15,101093833,101093835
cg00977469,chr10,1088691,1088693
cg13327545,chr10,22623547,22623549
cg03096698,chr2,61421692,61421694
cg11349980,chr10,1016694,1016696
cg09316997,chr14,91874912,91874914
cg08833031,chr17,10581817,10581819
cg19137806,chr10,134362169,134362171
cg21494075,chr11,129817716,129817718
cg27285287,chr2,234094883,234094885
cg22493042,chr7,2205744,2205746
cg13474450,chr8,142222684,142222686
cg10416312,chr7,6631251,6631253
cg22649227,chr10,80733170,80733172
cg06784824,chr11,47376984,47376986
cg22740684,chr17,66343092,66343094
cg20900333,chr9,90886141,90886143
cg13900919,chr20,47340600,47340602
cg02093418,chr9,126232852,126232854
cg13795831,chr20,57582705,57582707
cg07254416,chr2,235955446,235955448
cg11762360,chr12,6616712,6616714
cg02688146,chr3,45011099,45011101
cg12778204,chr8,102149990,102149992
cg20935165,chr2,172972839,172972841
cg13040600,chr2,135037974,135037976
cg04709771,chr16,646394,646396
cg16463880,chr6,31867706,31867708
cg13625458,chr17,30216898,30216900
cg07332880,chr11,71790278,71790280
cg16904852,chr10,80953832,80953834
cg10094443,chr4,39529865,39529867
cg07979757,chr11,2828651,2828653
cg09954592,chr5,1173068,1173070
cg10805054,chr17,76735039,76735041
cg24384486,chr4,6972329,6972331
cg21869046,chr19,41225004,41225006
cg01375262,chr16,73266784,73266786
cg09844573,chr20,62199189,62199191
cg17331920,chr17,4081324,4081326
cg06930739,chr14,93051405,93051407
cg13183251,chr22,24992577,24992579
cg17025221,chr20,1450872,1450874
cg21978794,chr5,133465369,133465371
cg16250772,chr5,41194116,41194118
cg05480110,chr3,195534853,195534855
cg05235625,chr11,129800682,129800684
cg09611027,chr2,102319119,102319121
cg09586927,chr18,43454861,43454863
cg14586711,chr2,224783533,224783535
cg04882272,chr2,171825743,171825745
cg09627709,chr7,97755718,97755720
cg15661715,chr7,151401946,151401948
cg21301387,chr11,128457474,128457476
cg12092651,chr19,4109095,4109097
cg02809149,chr20,60769784,60769786
cg06039667,chr3,32478496,32478498
cg09388301,chr8,101914670,101914672
cg04598121,chr8,57358504,57358506
cg27432516,chr16,84377773,84377775
cg27588075,chr5,96078436,96078438
cg23946394,chr9,134924496,134924498
cg05393175,chr13,31712990,31712992
cg15275979,chr1,90076386,90076388
cg20297638,chr7,2563669,2563671
cg19116601,chr5,79438458,79438460
cg00169184,chr12,124908919,124908921
cg03136023,chr7,2613597,2613599
cg03519012,chr20,25029329,25029331
cg21133251,chr2,242566889,242566891
cg13727277,chr7,1062870,1062872
cg04682977,chr7,1062710,1062712
cg01632240,chr8,42009222,42009224
cg20429104,chr18,74114569,74114571
cg06104989,chr6,35024897,35024899
cg16491682,chr16,68065921,68065923
cg08662757,chr11,67070966,67070968
cg16851138,chr8,117862585,117862587
cg24300753,chr15,79152318,79152320
cg27383859,chr3,122830174,122830176
cg12633968,chr18,12492302,12492304
cg13095421,chr4,160173060,160173062
cg06575692,chr16,68112967,68112969
cg05591270,chr10,80732608,80732610
cg22800555,chr6,91053482,91053484
cg14026109,chr6,109775013,109775015
cg01975495,chr7,100779016,100779018
cg06821460,chr12,49332782,49332784
cg05984496,chr5,177716200,177716202
cg18146216,chr6,135438530,135438532
cg24769398,chr3,188666021,188666023
cg17010895,chr2,65731516,65731518
cg07970040,chr1,9789164,9789166
cg03831756,chr22,20747629,20747631
cg05914150,chr5,67522331,67522333
cg16691087,chr20,20036683,20036685
cg15854242,chr13,99867858,99867860
cg22432956,chr2,43364318,43364320
cg21700663,chr15,101093899,101093901
cg10727474,chr11,1884898,1884900
cg03338209,chr22,37908795,37908797
cg12183789,chr7,2026367,2026369
cg08222626,chr7,5732731,5732733
cg19977179,chr3,128779499,128779501
cg06747770,chr2,107201988,107201990
cg17191047,chr2,36780702,36780704
cg21735461,chr22,26993161,26993163
cg25405284,chr5,138761983,138761985
cg07937803,chr19,3569035,3569037
cg05098343,chr7,37071685,37071687
cg00176928,chr3,72741322,72741324
cg10480329,chr2,27011849,27011851
cg13202571,chr7,100884561,100884563
cg15238183,chr7,139332835,139332837
cg12668854,chr17,944075,944077
cg01830256,chr14,105861939,105861941
cg24612198,chr11,118175630,118175632
cg00951279,chr4,184316765,184316767
cg27131486,chr18,76831648,76831650
cg24111443,chr15,40583708,40583710
cg04338635,chr5,14492404,14492406
cg23967739,chr12,8997528,8997530
cg19236028,chr6,53109478,53109480
cg24612059,chr17,44101461,44101463
cg03884100,chr17,44248640,44248642
cg16411445,chr21,40145922,40145924
cg25426716,chr5,125695698,125695700
cg16190128,chr20,14693043,14693045
cg10769442,chr5,139615895,139615897
cg09362796,chr4,3204791,3204793
cg05023903,chr14,99920321,99920323
cg14523804,chr17,75995967,75995969
cg15587064,chr9,132346132,132346134
cg15956469,chr12,10465271,10465273
cg18608151,chr8,30914807,30914809
cg24431515,chr11,290446,290448
cg03995933,chr9,132641420,132641422
cg07793163,chr12,12680896,12680898
cg13587802,chr12,122712380,122712382
cg21553656,chr3,49569378,49569380
cg13975953,chr10,7530676,7530678
cg13408086,chr9,140221396,140221398
cg12413643,chr13,100019379,100019381
cg09542579,chr4,10007965,10007967
cg16051742,chr6,27832097,27832099
cg25029657,chr1,6355007,6355009
cg03562952,chr5,1499203,1499205
cg11000311,chr7,118512847,118512849
cg19727188,chr3,126185803,126185805
cg22166025,chr6,112063038,112063040
cg21855041,chr2,119985066,119985068
cg23450578,chr4,1950877,1950879
cg11525109,chr12,51737007,51737009
cg15912732,chr14,105255284,105255286
cg20367388,chr7,5258484,5258486
cg16176069,chr7,1062783,1062785
cg00197322,chr7,1990553,1990555
cg05980782,chr3,101567800,101567802
cg23731089,chr8,141599207,141599209
cg26616258,chr16,358590,358592
cg27394566,chr14,105391634,105391636
cg09537268,chr2,242244971,242244973
cg23114616,chr1,6526397,6526399
cg06037603,chr16,24833083,24833085
cg10396713,chr8,602096,602098
cg18517055,chr17,80581700,80581702
cg03427191,chr16,4697111,4697113
cg01248273,chr2,160589096,160589098
cg14485205,chr20,3088151,3088153
cg13209388,chr1,6355059,6355061
cg19676553,chr14,105751628,105751630
cg03409108,chr6,34489784,34489786
cg03601764,chr6,43191630,43191632
cg13978175,chr7,2648221,2648223
cg01803362,chr16,23435112,23435114
cg11358363,chr7,30590816,30590818
cg04492567,chr17,19631463,19631465
cg00242035,chr11,47416357,47416359
cg16541275,chr17,78821753,78821755
cg05207933,chr3,43519241,43519243
cg17229371,chr5,1485469,1485471
cg01503390,chr11,64540949,64540951
cg19877683,chr17,80969514,80969516
cg21333217,chr3,129277320,129277322
cg24271718,chr7,151402022,151402024
cg13931640,chr9,137277818,137277820
cg08977014,chr17,42266018,42266020
cg24736694,chr9,126097640,126097642
cg11157208,chr1,15392307,15392309
cg11460110,chr6,30530457,30530459
cg12522870,chr18,42449636,42449638
cg00025526,chr8,134783218,134783220
cg07486119,chr7,2596722,2596724
cg18502618,chr21,46902263,46902265
cg26513170,chr11,21578515,21578517
cg00429622,chr19,3504944,3504946
cg06430632,chr6,166746925,166746927
cg08057432,chr16,89441216,89441218
cg24874602,chr4,16960937,16960939
cg09417925,chr16,88921166,88921168
cg04661759,chr11,73104225,73104227
cg23725321,chr10,102279689,102279691
cg20742175,chr20,57267356,57267358
cg02667577,chr7,5270566,5270568
cg19529732,chr12,122712100,122712102
cg06500418,chr2,174025842,174025844
cg11534243,chr10,12126714,12126716
cg11200862,chr3,45024607,45024609
cg16886835,chr7,30503543,30503545
cg12772203,chr11,66436213,66436215
cg02196503,chr6,28852315,28852317
cg19637821,chr12,133133571,133133573
cg14740883,chr10,73583367,73583369
cg02917606,chr17,30208175,30208177
cg13446911,chr9,96077699,96077701
cg12426092,chr15,31689569,31689571
cg13468144,chr17,4081427,4081429
cg01539849,chr11,47376753,47376755
cg02376282,chr11,1543205,1543207
cg02818170,chr19,3336940,3336942
cg00004836,chr7,157155663,157155665
cg15039797,chr7,139320345,139320347
cg07369269,chr3,105075217,105075219
cg03356868,chr19,4432121,4432123
cg06303635,chr10,45958758,45958760
cg09561353,chr9,131047931,131047933
cg12032497,chr3,121487462,121487464
cg23779286,chr1,115032584,115032586
cg18276249,chr15,63919319,63919321
cg12656902,chr14,75934890,75934892
cg24757160,chr11,67804111,67804113
cg20748065,chr7,75583420,75583422
cg22486242,chr6,5122547,5122549
cg19414630,chr8,48648873,48648875
cg00089960,chr12,122245654,122245656
cg17178546,chr17,62408906,62408908
cg24042899,chr17,80986551,80986553
cg01209296,chr20,62435315,62435317
cg17074014,chr17,3704493,3704495
cg14421700,chr17,77755964,77755966
cg06585734,chr3,46037941,46037943
cg18568335,chr14,105792504,105792506
cg20447066,chr6,157824907,157824909
cg23926598,chr2,47406857,47406859
cg18364120,chr11,118097055,118097057
cg22488164,chr12,14716909,14716911
cg01395261,chr19,18260514,18260516
cg05891759,chr3,121711722,121711724
cg04025761,chr12,111514550,111514552
cg06125903,chr20,57583327,57583329
cg24099565,chr11,3058477,3058479
cg11105743,chr18,12843730,12843732
cg23570411,chr20,44461420,44461422
cg15197202,chr19,10488964,10488966
cg14345154,chr14,89299301,89299303
cg16802439,chr16,88907183,88907185
cg13615530,chr12,48750283,48750285
cg15241519,chr11,121440891,121440893
cg10613532,chr8,17919494,17919496
cg16185834,chr20,25062818,25062820
cg22792161,chr9,5841793,5841795
cg02348445,chr6,159074792,159074794
cg01199327,chr11,44626749,44626751
cg26308793,chr1,12094650,12094652
cg03836171,chr7,1095464,1095466
cg19232326,chr19,1902025,1902027
cg27337277,chr19,44040456,44040458
cg06748309,chr13,95947539,95947541
cg16073378,chr2,468412,468414
cg14763104,chr11,2406383,2406385
cg07582886,chr17,38780294,38780296
cg23700338,chr1,21326867,21326869
cg27191184,chr16,580238,580240
cg20548433,chr1,116654343,116654345
cg11035945,chr15,53544385,53544387
cg08420065,chr8,142131464,142131466
cg13170263,chr10,101608354,101608356
cg08710911,chr22,37574794,37574796
cg06856602,chr16,73187986,73187988
cg11408613,chr2,28959116,28959118
cg04234631,chr16,8738440,8738442
cg14823851,chr17,59532305,59532307
cg07894331,chr22,22121118,22121120
cg08241841,chr19,2324337,2324339
cg02113493,chr19,33877269,33877271
cg03468015,chr8,96066633,96066635
cg14352586,chr9,101594149,101594151
cg02165555,chr22,20925849,20925851
cg06757405,chr5,140789449,140789451
cg13184651,chr20,37390400,37390402
cg06401532,chr16,24220007,24220009
cg10073690,chr18,43305544,43305546
cg14775958,chr6,170754744,170754746
cg14397144,chr8,94667861,94667863
cg24301930,chr11,65408495,65408497
cg15665244,chr5,137894634,137894636
cg24593932,chr19,17202737,17202739
cg17675088,chr5,93013223,93013225
cg26227957,chr1,19547284,19547286
cg18031307,chr2,74726648,74726650
cg19043574,chr2,99439532,99439534
cg22146755,chr18,48677830,48677832
cg21779385,chr4,77752230,77752232
cg12098228,chr7,2106320,2106322
cg17020454,chr8,103426210,103426212
cg14209317,chr9,35656692,35656694
cg21719817,chr6,15518130,15518132
cg08775230,chr11,111789492,111789494
cg02509486,chr2,216566033,216566035
cg21271099,chr16,27503738,27503740
cg18522740,chr10,101768579,101768581
cg05919238,chr17,79244157,79244159
cg14016406,chr3,32474565,32474567
cg14131038,chr2,106360708,106360710
cg18876294,chr11,118986470,118986472
cg02345285,chr11,34393827,34393829
cg22987448,chr19,8591363,8591365
cg08358907,chr19,17877507,17877509
cg11599269,chr4,38185082,38185084
cg09088496,chr13,24825972,24825974
cg18835472,chr6,26546055,26546057
cg02371473,chr13,42037300,42037302
cg11019014,chr6,30460797,30460799
cg20520514,chr10,119793651,119793653
cg24356707,chr16,174310,174312
cg17362523,chr5,14680766,14680768
cg27310068,chr10,124902398,124902400
cg26321999,chr6,30854010,30854012
cg21596469,chr7,135459173,135459175
cg23359489,chr15,75899869,75899871
cg11848483,chr8,144543485,144543487
cg16531348,chr21,45377216,45377218
cg01165403,chr3,135833526,135833528
cg14516946,chr5,65056259,65056261
cg08566157,chr8,2104532,2104534
cg22565340,chr11,47400174,47400176
cg20110671,chr12,105032718,105032720
cg14209800,chr2,26223521,26223523
cg27579854,chr17,80818991,80818993
cg04593668,chr5,133466990,133466992
cg00030432,chr7,100028973,100028975
cg07832056,chr8,125698321,125698323
cg26826793,chr6,36172019,36172021
cg10606834,chr17,59532196,59532198
cg10247643,chr21,27336478,27336480
cg00291573,chr5,17343960,17343962
cg08500472,chr21,19901837,19901839
cg19626138,chr8,37731968,37731970
cg15679935,chr2,69062127,69062129
cg23821920,chr22,20905255,20905257
cg17175527,chr12,109059805,109059807
cg14855367,chr3,191048307,191048309
cg13165240,chr17,3715742,3715744
cg17285931,chr2,240205407,240205409
cg08935101,chr1,109388749,109388751
cg17965495,chr3,194170223,194170225
cg13663572,chr6,170773300,170773302
cg08166169,chr4,6940901,6940903
cg07684151,chr16,81535067,81535069
cg02010763,chr15,61044828,61044830
cg18445108,chr17,5138258,5138260
cg00024705,chr2,32667476,32667478
cg24431966,chr17,79801786,79801788
cg22840076,chr19,41782155,41782157
cg10617605,chr10,126372062,126372064
cg21246698,chr6,3912363,3912365
cg15564329,chr22,26859953,26859955
cg14328332,chr12,31752347,31752349
cg04372535,chr11,968935,968937
cg11167160,chr16,72051242,72051244
cg22854223,chr11,44586504,44586506
cg18855165,chr9,93959684,93959686
cg08597292,chr6,89996027,89996029
cg24417971,chr7,101526237,101526239
cg22004608,chr6,17086922,17086924
cg13632064,chr10,135204467,135204469
cg00674311,chr10,352347,352349
cg09272864,chr14,31553782,31553784
cg04517263,chr9,123689192,123689194
cg02914652,chr12,4417141,4417143
cg04486961,chr3,47006827,47006829
cg22852103,chr10,22900847,22900849
cg18001454,chr11,70204960,70204962
cg05575505,chr15,101262161,101262163
cg14346774,chr21,36838242,36838244
cg11931360,chr3,12988819,12988821
cg02301939,chr5,43477427,43477429
cg07531268,chr2,19551749,19551751
cg26655028,chr4,40564370,40564372
cg26925554,chr6,36331064,36331066
cg07962785,chr10,76919093,76919095
cg06068163,chr7,2402339,2402341
cg15665949,chr16,30196548,30196550
cg11065972,chr14,92998058,92998060
cg17344033,chr11,57090274,57090276
cg05253716,chr12,129299331,129299333
cg16989646,chr13,41364244,41364246
cg26761982,chr20,22600131,22600133
cg14898366,chr19,5075703,5075705
cg02341139,chr2,113015450,113015452
cg25817701,chr7,2140142,2140144
cg10837924,chr12,55382443,55382445
cg14233313,chr12,58109352,58109354
cg12123300,chr7,139910411,139910413
cg19351604,chr8,1870721,1870723
cg17169982,chr17,80787972,80787974
cg26760894,chr6,111897829,111897831
cg09459403,chr3,4864035,4864037
cg26906795,chr20,31444766,31444768
cg13006424,chr2,98377938,98377940
cg19961411,chr14,85881981,85881983
cg21373806,chr17,79419833,79419835
cg10644115,chr5,142304295,142304297
cg16925811,chr2,114672918,114672920
cg22546332,chr16,52028746,52028748
cg15698795,chr11,67177102,67177104
cg16995865,chr3,194979700,194979702
cg12669464,chr4,124265175,124265177
cg06533895,chr16,20908698,20908700
cg22973062,chr15,63506771,63506773
cg17207690,chr2,232393063,232393065
cg20171453,chr4,40198128,40198130
cg06160789,chr18,43430150,43430152
cg12355887,chr5,172305926,172305928
cg23348269,chr20,56012804,56012806
cg06072036,chr11,822401,822403
cg02218268,chr16,3646441,3646443
cg20098659,chr12,10183363,10183365
cg05157335,chr2,231746727,231746729
cg12859112,chr6,10751980,10751982
cg21616243,chr12,129299701,129299703
cg04234016,chr12,7062108,7062110
cg12578084,chr16,69402354,69402356
cg03635646,chr3,123329316,123329318
cg12649238,chr6,36669757,36669759
cg21209552,chr12,51512416,51512418
cg19998289,chr12,121861615,121861617
cg14563658,chr15,80254683,80254685
cg26444528,chr13,58207858,58207860
cg12460838,chr6,36930695,36930697
cg06449094,chr11,822396,822398
cg15176266,chr17,80539732,80539734
cg05398700,chr14,102677140,102677142
cg20775671,chr10,75662349,75662351
cg20077668,chr12,26649247,26649249
cg05897307,chr5,111016517,111016519
cg14564439,chr7,102067065,102067067
cg05099692,chr12,52674255,52674257
cg10745620,chr3,128484038,128484040
cg01229337,chr9,33173138,33173140
cg18064706,chr7,157646655,157646657
cg01639416,chr9,33319096,33319098
cg08253808,chr14,102676956,102676958
cg13313251,chr13,52368290,52368292
cg17005263,chr8,102150016,102150018
cg18630091,chr8,142182738,142182740
cg03116466,chr7,2116511,2116513
cg20859082,chr4,73470207,73470209
cg14150023,chr22,40720630,40720632
cg16061498,chr18,55095885,55095887
cg27586626,chr2,8438972,8438974
cg16183122,chr10,88466388,88466390
cg04864807,chr2,121412138,121412140
cg05696274,chr13,24854060,24854062
cg07658036,chr3,122785578,122785580
cg06815444,chr20,44988022,44988024
cg23085846,chr20,62522517,62522519
cg05829961,chr9,137263643,137263645
cg23928643,chr2,25008857,25008859
cg26969933,chr6,31629899,31629901
cg03211711,chr2,32491048,32491050
cg04172728,chr15,52093861,52093863
cg05352714,chr17,55611526,55611528
cg11804414,chr12,122712136,122712138
cg14574118,chr3,67706351,67706353
cg10876297,chr19,16706124,16706126
cg08232510,chr20,52527050,52527052
cg26007445,chr17,62287565,62287567
cg24722535,chr12,8997472,8997474
cg21932286,chr3,149194272,149194274
cg02212339,chr17,3493665,3493667
cg11328284,chr2,168932112,168932114
cg17128308,chr4,4420863,4420865
cg25714060,chr22,26952492,26952494
cg19619585,chr15,101170018,101170020
cg13107386,chr17,1636605,1636607
cg22739421,chr9,37208205,37208207
cg11201447,chr8,128808062,128808064
cg18247172,chr15,91370232,91370234
cg03963853,chr16,4732368,4732370
cg05513455,chr6,105388268,105388270
cg19983457,chr4,26938441,26938443
cg24864528,chr6,2796310,2796312
cg22131172,chr13,111522864,111522866
cg03584886,chr2,232389777,232389779
cg01408124,chr2,232145742,232145744
cg13647725,chr11,69241092,69241094
cg19035595,chr9,130609502,130609504
cg00716819,chr10,71882624,71882626
cg07055745,chr2,99165661,99165663
cg26574777,chr13,100927475,100927477
cg15986644,chr10,516682,516684
cg07238065,chr22,20920728,20920730
cg11373114,chr20,25096067,25096069
cg09849302,chr21,38378432,38378434
cg02226827,chr4,185754632,185754634
cg23060465,chr8,141625544,141625546
cg13630239,chr10,99116546,99116548
cg11058631,chr10,1088685,1088687
cg23872155,chr13,100027034,100027036
cg05044173,chr12,6898499,6898501
cg20003499,chr7,97755791,97755793
cg21365733,chr3,171619616,171619618
cg17765669,chr3,17193365,17193367
cg03275302,chr15,32928728,32928730
cg10086936,chr10,74269420,74269422
cg25088113,chr15,44969493,44969495
cg22977745,chr12,124908930,124908932
cg26498670,chr2,232537302,232537304
cg27037400,chr8,48420052,48420054
cg18205668,chr7,45066894,45066896
cg21317441,chr13,99984972,99984974
cg03001159,chr17,80734476,80734478
cg16402452,chr12,58129854,58129856
cg12423658,chr13,111318554,111318556
cg07281649,chr17,44248598,44248600
cg16646463,chr2,74610526,74610528
cg11410920,chr20,43997024,43997026
cg21458836,chr3,71088646,71088648
cg04246236,chr1,52259511,52259513
cg06765837,chr19,16705188,16705190
cg07106737,chr16,88599034,88599036
cg09271065,chr13,25082697,25082699
cg08953370,chr17,3713488,3713490
cg14424407,chr17,36734837,36734839
cg17527975,chr8,142192486,142192488
cg18876602,chr6,17393471,17393473
cg23230445,chr6,15496376,15496378
cg17907520,chr15,31680188,31680190
cg06397283,chr1,56977178,56977180
cg01488553,chr5,176361471,176361473
cg12553238,chr14,20960016,20960018
cg14363469,chr9,98790267,98790269
cg15689410,chr2,74726999,74727001
cg26250129,chr17,79239902,79239904
cg25197500,chr17,80581804,80581806
cg27169709,chr2,109248168,109248170
cg22935962,chr12,49499167,49499169
cg09072626,chr15,90563444,90563446
cg25119028,chr17,47910988,47910990
cg04192126,chr5,76324604,76324606
cg06637924,chr10,82041277,82041279
cg16649298,chr7,158664173,158664175
cg20058097,chr12,111163128,111163130
cg10417140,chr5,68258786,68258788
cg09084712,chr14,81672121,81672123
cg27363081,chr11,121356111,121356113
cg06015382,chr17,41847044,41847046
cg04685387,chr10,34925639,34925641
cg16824282,chr3,128779589,128779591
cg15048810,chr3,133339040,133339042
cg00910503,chr17,80393665,80393667
cg12424088,chr7,156409286,156409288
cg05511978,chr17,4092305,4092307
cg16396540,chr12,122889789,122889791
cg25951981,chr4,46995742,46995744
cg03851741,chr15,91459069,91459071
cg11262012,chr9,133473887,133473889
cg20425130,chr3,183273244,183273246
cg13924996,chr11,67053828,67053830
cg07804973,chr13,114263405,114263407
cg17408527,chr19,58629966,58629968
cg16966315,chr7,149112317,149112319
cg02053451,chr2,47922604,47922606
cg18798412,chr6,143117966,143117968
cg01012339,chr3,50268042,50268044
cg21647532,chr2,85641984,85641986
cg09187557,chr10,6443024,6443026
cg03228145,chr5,178204762,178204764
cg19274890,chr7,153584041,153584043
cg08530578,chr19,19532321,19532323
cg16494465,chr9,33391331,33391333
cg20701730,chr3,45253934,45253936
cg08350962,chr3,15345280,15345282
cg10967866,chr10,134362163,134362165
cg09383860,chr11,71709836,71709838
cg02665297,chr7,5270983,5270985
cg21033943,chr16,81503001,81503003
cg02954866,chr18,56203941,56203943
cg20198611,chr6,33163688,33163690
cg08419861,chr19,10887664,10887666
cg13510318,chr10,126344129,126344131
cg25480232,chr5,179196143,179196145
cg04384031,chr17,19631484,19631486
cg11095027,chr11,1297065,1297067
cg07841371,chr1,1114911,1114913
cg18366919,chr19,15344363,15344365
cg22252762,chr3,127299486,127299488
cg00830710,chr12,124419760,124419762
cg24265600,chr21,18962889,18962891
cg04611437,chr10,102279696,102279698
cg14520939,chr20,31444782,31444784
cg27481953,chr6,159240997,159240999
cg12070987,chr11,67804054,67804056
cg16395997,chr1,3562797,3562799
cg03061719,chr12,56687955,56687957
cg07543400,chr17,3824383,3824385
cg26459189,chr10,89864699,89864701
cg23907051,chr2,101730304,101730306
cg26038697,chr17,74128447,74128449
cg15192374,chr1,9776628,9776630
cg17022038,chr19,18260478,18260480
cg05186426,chr12,50125943,50125945
cg02765696,chr5,82608787,82608789
cg14231297,chr19,58629900,58629902
cg06966839,chr17,55685940,55685942
cg05251703,chr19,19532261,19532263
cg26014973,chr16,15733287,15733289
cg10202714,chr16,89183677,89183679
cg06675775,chr9,131831456,131831458
cg08594651,chr11,47415396,47415398
cg19862334,chr17,37069823,37069825
cg06993524,chr20,16373292,16373294
cg18764192,chr10,5936165,5936167
cg23073132,chr6,135518014,135518016
cg18496235,chr16,25248854,25248856
cg15574823,chr17,442459,442461
cg26146808,chr20,48383801,48383803
cg21650861,chr3,127299467,127299469
cg20152841,chr19,2073189,2073191
cg03825855,chr16,28568243,28568245
cg21148188,chr2,42324449,42324451
cg00201196,chr16,8738468,8738470
cg11006453,chr8,141599184,141599186
cg24169315,chr2,242048358,242048360
cg13915752,chr6,111132612,111132614
cg05162166,chr22,41684459,41684461
cg22381196,chr16,72041375,72041377
cg08234428,chr5,60830577,60830579
cg02352716,chr17,1104804,1104806
cg00538439,chr3,124865955,124865957
cg21876656,chr13,99867949,99867951
cg01623438,chr20,57582893,57582895
cg00901320,chr12,129338533,129338535
cg17581870,chr7,1062964,1062966
cg09493899,chr3,125070130,125070132
cg27452619,chr7,38074239,38074241
cg13395086,chr11,65408444,65408446
cg26438284,chr11,2406306,2406308
cg24969261,chr16,21287650,21287652
cg20155875,chr17,66452566,66452568
cg23410129,chr20,36012007,36012009
cg00330518,chr1,2228159,2228161
cg00776080,chr12,53442321,53442323
cg09006915,chr9,126960330,126960332
cg26377120,chr7,2831996,2831998
cg24265771,chr5,176856549,176856551
cg04564377,chr3,125753377,125753379
cg25574765,chr11,70211530,70211532
cg00539174,chr20,57583433,57583435
cg01048252,chr6,2798911,2798913
cg26179134,chr2,25897612,25897614
cg25262105,chr19,2319504,2319506
cg03835123,chr19,19585736,19585738
cg26991761,chr11,67071063,67071065
cg08320303,chr17,54776790,54776792
cg04340435,chr13,114145972,114145974
cg11699257,chr8,28634454,28634456
cg16854275,chr8,28196245,28196247
cg16292077,chr7,656201,656203
cg20030158,chr5,176966386,176966388
cg24323734,chr2,227771517,227771519
cg13798630,chr19,8536649,8536651
cg00220162,chr17,35297651,35297653
cg10085474,chr4,1221934,1221936
cg24956391,chr20,36011998,36012000
cg12192749,chr7,17029794,17029796
cg24254409,chr19,14618043,14618045
cg17927313,chr15,65151591,65151593
cg17676225,chr22,31668617,31668619
cg05579764,chr12,64587769,64587771
cg03646821,chr2,228399681,228399683
cg16938634,chr8,33430102,33430104
cg06093202,chr4,68546407,68546409
cg10690481,chr10,121574139,121574141
cg19286773,chr17,79565738,79565740
cg08221848,chr14,77586445,77586447
cg26648465,chr16,85676411,85676413
cg21647062,chr19,35976549,35976551
cg20113012,chr17,71308659,71308661
cg17935085,chr18,21119417,21119419
cg23496836,chr4,184376872,184376874
cg20300794,chr2,234359704,234359706
cg05150023,chr5,42944266,42944268
cg21264151,chr17,66284845,66284847
cg05327068,chr15,34634044,34634046
cg26884033,chr21,47786511,47786513
cg00464927,chr11,68139120,68139122
cg26052456,chr16,3162394,3162396
cg19504001,chr12,57589739,57589741
cg26109510,chr2,70408458,70408460
cg26382697,chr11,2406711,2406713
cg23471095,chr2,106712610,106712612
cg16919019,chr7,45066649,45066651
cg18668872,chr2,239255432,239255434
cg01927694,chr16,2737644,2737646
cg06605044,chr6,12001643,12001645
cg00801765,chr17,72775893,72775895
cg02319016,chr3,196469776,196469778
cg19349476,chr13,101315253,101315255
cg02871985,chr2,43398153,43398155
cg17781418,chr3,71305261,71305263
cg18982286,chr22,51136324,51136326
cg24190730,chr6,45413891,45413893
cg16161069,chr16,442769,442771
cg19932887,chr10,6145770,6145772
cg10901905,chr3,66479375,66479377
cg21322003,chr2,46212451,46212453
cg10914422,chr8,22942729,22942731
cg07910010,chr2,223448730,223448732
cg10944033,chr5,36231260,36231262
cg12121075,chr12,121615200,121615202
cg14837810,chr20,10021016,10021018
cg13539545,chr14,60973822,60973824
cg26499796,chr14,104263778,104263780
cg11641450,chr17,78677053,78677055
cg22449032,chr16,364015,364017
cg16866268,chr2,137011395,137011397
cg01437161,chr12,8834113,8834115
cg14254562,chr9,84213070,84213072
cg15591880,chr17,76643283,76643285
cg09874335,chr10,86070346,86070348
cg08844422,chr8,11743731,11743733
cg26693313,chr10,255838,255840
cg19982684,chr3,128403034,128403036
cg02251850,chr17,78851502,78851504
cg21877403,chr1,6605463,6605465
cg15704521,chr7,2773876,2773878
cg01548841,chr7,47846056,47846058
cg11895044,chr10,135093366,135093368
cg13816228,chr1,90022779,90022781
cg03974400,chr2,159374783,159374785
cg02402436,chr6,31540050,31540052
cg17992179,chr12,48144352,48144354
cg15878616,chr20,52492208,52492210
cg24446326,chr20,19952017,19952019
cg16356013,chr5,134722078,134722080
cg25600606,chr11,33308344,33308346
cg10595862,chr8,61454403,61454405
cg25207828,chr3,9791043,9791045
cg04989970,chr19,2431164,2431166
cg10207600,chr9,130640171,130640173
cg22274230,chr19,56138026,56138028
cg02023149,chr3,15135888,15135890
cg12092786,chr22,42332407,42332409
cg18758626,chr20,57589048,57589050
cg13706365,chr10,11504218,11504220
cg08704621,chr9,108371058,108371060
cg10274860,chr3,71222223,71222225
cg19021885,chr19,11548921,11548923
cg22185977,chr5,1518132,1518134
cg15559940,chr13,101171764,101171766
cg20750693,chr19,3696023,3696025
cg08441633,chr16,88765294,88765296
cg26056577,chr1,6526582,6526584
cg00829747,chr13,86594660,86594662
cg06610422,chr7,140212653,140212655
cg14763331,chr3,194896555,194896557
cg08168075,chr19,49184150,49184152
cg23917909,chr6,11497565,11497567
cg18576206,chr22,44392383,44392385
cg20773479,chr5,619993,619995
cg09888670,chr20,49032343,49032345
cg13559889,chr14,91877751,91877753
cg05643988,chr10,121575344,121575346
cg06086267,chr7,101784426,101784428
cg04027166,chr11,46694127,46694129
cg10167303,chr3,47000908,47000910
cg05653164,chr13,110358762,110358764
cg06242730,chr7,1064099,1064101
cg23536830,chr15,91162875,91162877
cg18415791,chr11,3178023,3178025
cg24100671,chr5,10551546,10551548
cg25463483,chr6,30530543,30530545
cg03032253,chr19,4652449,4652451
cg20661985,chr20,24969841,24969843
cg16429499,chr16,3597150,3597152
cg16139572,chr19,52302920,52302922
cg03389538,chr3,128779497,128779499
cg18799946,chr20,19933703,19933705
cg17320537,chr7,102085698,102085700
cg25923345,chr7,100304668,100304670
cg08921414,chr11,117059596,117059598
cg00492348,chr4,681129,681131
cg14480046,chr12,122444579,122444581
cg19453665,chr11,75277537,75277539
cg23825480,chr22,31336784,31336786
cg01004980,chr3,48883068,48883070
cg14499153,chr20,55949675,55949677
cg17278295,chr19,2131860,2131862
cg07276007,chr11,968999,969001
cg11034672,chr14,75151320,75151322
cg21224380,chr12,109240532,109240534
cg13721185,chr8,42511959,42511961
cg14715482,chr5,10377170,10377172
cg26992566,chr16,85814165,85814167
cg03434907,chr11,128323519,128323521
cg05795313,chr12,48745135,48745137
cg08202836,chr3,196373750,196373752
cg27547947,chr14,32797164,32797166
cg13742400,chr2,225639707,225639709
cg18339493,chr17,78681825,78681827
cg17723958,chr12,124429294,124429296
cg16165949,chr8,125268122,125268124
cg17514665,chr17,1657532,1657534
cg02470008,chr7,2648342,2648344
cg05226335,chr11,70253498,70253500
cg16441262,chr15,86171720,86171722
cg20446176,chr17,6922931,6922933
cg06797389,chr15,44969480,44969482
cg13819552,chr9,95799869,95799871
cg11917175,chr4,185352358,185352360
cg03482769,chr19,10445592,10445594
cg09451159,chr15,52643584,52643586
cg26313719,chr11,36432566,36432568
cg12597389,chr7,8482234,8482236
cg03636488,chr12,132551126,132551128
cg04329870,chr2,87048746,87048748
cg10858843,chr6,6851446,6851448
cg21470541,chr2,120976895,120976897
cg12614244,chr11,968955,968957
cg13829419,chr6,143167278,143167280
cg11014468,chr3,53362964,53362966
cg15949000,chr5,15008804,15008806
cg19301114,chr6,161796784,161796786
cg13129675,chr8,143851240,143851242
cg08553274,chr4,1353498,1353500
cg15580458,chr10,121155123,121155125
cg09978965,chr17,57354678,57354680
cg02982433,chr9,100912503,100912505
cg18136895,chr15,74290732,74290734
cg05255168,chr16,1518656,1518658
cg12019801,chr18,74114707,74114709
cg17312673,chr21,45502807,45502809
cg21883904,chr7,2596712,2596714
cg05454562,chr6,33254446,33254448
cg08454936,chr19,39149388,39149390
cg16353907,chr10,1088605,1088607
cg07465999,chr12,8997554,8997556
cg19456997,chr6,31090928,31090930
cg24969417,chr6,107140114,107140116
cg01928516,chr17,2208376,2208378
cg24673765,chr19,36247868,36247870
cg11537298,chr17,80984284,80984286
cg24687894,chr20,62705933,62705935
cg15748507,chr10,120354626,120354628
cg11824827,chr16,31075546,31075548
cg07214164,chr2,105480253,105480255
cg05833106,chr5,11725220,11725222
cg07150293,chr19,2983744,2983746
cg16729631,chr8,131000260,131000262
cg09569347,chr6,30460547,30460549
cg27516100,chr6,30624519,30624521
cg22788953,chr7,2679147,2679149
cg13146883,chr2,11999069,11999071
cg07401324,chr11,48036851,48036853
cg14333394,chr9,139812356,139812358
cg08166729,chr7,155079249,155079251
cg24163194,chr7,2185623,2185625
cg05062263,chr8,9577927,9577929
cg24346659,chr8,142192467,142192469
cg22989958,chr2,74783038,74783040
cg11424260,chr12,110815730,110815732
cg11624996,chr12,132274348,132274350
cg17936488,chr9,134151518,134151520
cg16239536,chr19,1079616,1079618
cg17065725,chr4,48637065,48637067
cg17547822,chr10,99358584,99358586
cg22387076,chr8,123859456,123859458
cg00462849,chr2,12853026,12853028
cg04916662,chr12,695660,695662
cg16117614,chr12,7265498,7265500
cg01304256,chr2,36780704,36780706
cg13869693,chr15,99496718,99496720
cg02106174,chr11,61125095,61125097
cg16945186,chr12,115103959,115103961
cg26438409,chr17,77316946,77316948
cg01173441,chr2,86831056,86831058
cg14192764,chr19,10666336,10666338
cg06765237,chr19,19585766,19585768
cg04441857,chr10,14701814,14701816
cg09303642,chr12,54690817,54690819
cg10117603,chr13,101171713,101171715
cg25519315,chr2,209231527,209231529
cg19749984,chr21,46963467,46963469
cg17975283,chr10,64504115,64504117
cg12443985,chr8,141275106,141275108
cg25856530,chr2,201917866,201917868
cg00228496,chr2,85875471,85875473
cg21572414,chr5,36692457,36692459
cg00645579,chr11,617139,617141
cg04737115,chr1,65356918,65356920
cg09354050,chr21,43824261,43824263
cg05184446,chr7,6463057,6463059
cg20125290,chr17,40075934,40075936
cg20306694,chr12,51718250,51718252
cg12110801,chr19,5992283,5992285
cg13808210,chr11,47991028,47991030
cg18436544,chr13,24825780,24825782
cg03838931,chr17,78748232,78748234
cg18633990,chr7,152559215,152559217
cg22069247,chr2,232393255,232393257
cg08732805,chr17,79924175,79924177
cg23261343,chr6,45413791,45413793
cg26619790,chr7,116779434,116779436
cg02114922,chr9,93959670,93959672
cg12013451,chr6,107976274,107976276
cg27351690,chr22,44601109,44601111
cg13691901,chr7,2011786,2011788
cg04985318,chr11,66379131,66379133
cg17144383,chr9,96868747,96868749
cg17692736,chr19,2775227,2775229
cg05444742,chr4,15923010,15923012
cg13728275,chr16,1988448,1988450
cg05669853,chr6,107435225,107435227
cg00471371,chr18,74114727,74114729
cg18422094,chr9,93926096,93926098
cg02952945,chr21,27276156,27276158
cg24011073,chr2,11917786,11917788
cg04274288,chr6,27648003,27648005
cg13633270,chr18,55095554,55095556
cg18095675,chr3,197272310,197272312
cg11231069,chr2,240225141,240225143
cg16814392,chr13,110040000,110040002
cg08472633,chr16,88907369,88907371
cg17169196,chr6,31540025,31540027
cg01811918,chr2,46606754,46606756
cg07668739,chr16,89852100,89852102
cg24420366,chr10,3938540,3938542
cg16492851,chr7,1062680,1062682
cg05293381,chr2,85629083,85629085
cg26107055,chr5,125695686,125695688
cg07665508,chr14,23010821,23010823
cg05314350,chr6,28874701,28874703
cg04703765,chr4,1217961,1217963
cg16660547,chr10,114574151,114574153
cg10531986,chr9,132652465,132652467
cg19647567,chr5,176935304,176935306
cg20652042,chr12,6883825,6883827
cg19772215,chr11,6638695,6638697
cg04823169,chr9,100850333,100850335
cg07240396,chr2,217352004,217352006
cg18445680,chr2,69811846,69811848
cg09060789,chr11,1884987,1884989
cg13844341,chr7,2116367,2116369
cg21061175,chr8,103836795,103836797
cg13589168,chr10,22221687,22221689
cg17158455,chr2,135045133,135045135
cg22802253,chr19,3123191,3123193
cg13059136,chr11,2986540,2986542
cg19580293,chr10,126790227,126790229
cg02549516,chr6,79520763,79520765
cg23275914,chr1,1114913,1114915
cg04868661,chr16,68293630,68293632
cg02437464,chr7,104771553,104771555
cg10346606,chr7,130024388,130024390
cg06230805,chr21,45391365,45391367
cg16380497,chr8,142130410,142130412
cg16107648,chr16,88767067,88767069
cg01401037,chr3,185839954,185839956
cg09417761,chr16,3645723,3645725
cg16483188,chr1,117306468,117306470
cg10623913,chr12,105727196,105727198
cg18191092,chr8,64331041,64331043
cg16927606,chr19,36233323,36233325
cg10491542,chr8,145161322,145161324
cg26559681,chr19,45298883,45298885
cg15912040,chr3,113871808,113871810
cg05818393,chr18,61015852,61015854
cg02335176,chr3,169867098,169867100
cg10363371,chr16,357653,357655
cg10768316,chr6,166746932,166746934
cg18857340,chr4,38120336,38120338
cg00071872,chr16,48417946,48417948
cg18542546,chr7,1982332,1982334
cg24691854,chrX,139593161,139593163
cg18536500,chr9,128409834,128409836
cg27495654,chr8,48623950,48623952
cg25753024,chr11,67070912,67070914
cg10408731,chr7,65214842,65214844
cg07803924,chr5,178057660,178057662
cg10264529,chr14,24562063,24562065
cg00680728,chr21,38417648,38417650
cg14904706,chr17,76781344,76781346
cg11572042,chr12,79991032,79991034
cg22217449,chr21,47845787,47845789
cg01775267,chr12,133233986,133233988
cg23073140,chr8,59537373,59537375
cg18218829,chr2,239288115,239288117
cg16887264,chr4,147561774,147561776
cg10111648,chr9,134065506,134065508
cg10338475,chr5,60458893,60458895
cg21583068,chr7,1082391,1082393
cg21348486,chr2,225977708,225977710
cg16188466,chr17,11512043,11512045
cg18584272,chr7,2402525,2402527
cg09718251,chr10,1132729,1132731
cg00448292,chr3,4863958,4863960
cg25790531,chr6,113755715,113755717
cg24298409,chr3,50379245,50379247
cg23971182,chr8,107058372,107058374
cg11311099,chr19,2187335,2187337
cg26171784,chr6,130018226,130018228
cg06352352,chr16,67181465,67181467
cg25801622,chr12,123596412,123596414
cg19592114,chr10,22828691,22828693
cg17192454,chr2,74726650,74726652
cg26265624,chr20,58629938,58629940
cg12980561,chr5,149319970,149319972
cg04392554,chr22,46685471,46685473
cg21180201,chr7,1983502,1983504
cg02512168,chr16,3163227,3163229
cg14058851,chr6,15505948,15505950
cg18851887,chr3,122487699,122487701
cg05642789,chr1,1564481,1564483
cg06784305,chr5,71674666,71674668
cg17471253,chr13,99081198,99081200
cg16203210,chr6,41905025,41905027
cg11217679,chr8,81070831,81070833
cg22176018,chr2,242867610,242867612
cg19765834,chr6,36972002,36972004
cg19307851,chr3,126187090,126187092
cg26096061,chr5,180242829,180242831
cg07230522,chr14,103204585,103204587
cg07870177,chr2,172268695,172268697
cg04556126,chr3,147106560,147106562
cg12311705,chr2,9513440,9513442
cg14506192,chr12,122711987,122711989
cg13962111,chr17,25574607,25574609
cg20613972,chr4,84037157,84037159
cg15922246,chr7,150778802,150778804
cg08179564,chr8,105365602,105365604
cg16464494,chr14,78032087,78032089
cg24527044,chr7,6631230,6631232
cg21306973,chrX,139584885,139584887
cg22579736,chr9,109047094,109047096
cg21448870,chr3,72492398,72492400
cg23352030,chr20,62198468,62198470
cg08545593,chr20,57582855,57582857
cg12221474,chr20,37433935,37433937
cg12823039,chr19,43027112,43027114
cg01136606,chr8,141535900,141535902
cg04792530,chr20,59768564,59768566
cg10744590,chr17,38780270,38780272
cg12073251,chr8,141568651,141568653
cg11041857,chr17,55062813,55062815
cg01702217,chr5,1499164,1499166
cg09523782,chr7,5272063,5272065
cg07369741,chr12,10253934,10253936
cg01802136,chr15,41191150,41191152
cg22180675,chr8,41518718,41518720
cg23715213,chr7,131128473,131128475
cg24221044,chr4,185275158,185275160
cg10080832,chr10,64675828,64675830
cg05661533,chr5,1495042,1495044
cg19535872,chr3,183201003,183201005
cg14511698,chr14,60976897,60976899
cg07799277,chr5,98368442,98368444
cg15004391,chr10,50570871,50570873
cg04079215,chr1,95095220,95095222
cg03482521,chr8,123869425,123869427
cg11939550,chr19,16561196,16561198
cg10058508,chr8,142243241,142243243
cg26415566,chr16,2287094,2287096
cg26878947,chr6,15658831,15658833
cg22285621,chr11,67071321,67071323
cg07788575,chr8,43018443,43018445
cg05871275,chr9,117141334,117141336
cg04171038,chr12,132512618,132512620
cg17985486,chr17,80308754,80308756
cg05780020,chr7,2011713,2011715
cg09148852,chr12,122235168,122235170
cg05037299,chr13,109865238,109865240
cg02151918,chr11,70211267,70211269
cg22498365,chr17,80829027,80829029
cg18342814,chr21,45755739,45755741
cg24699021,chr5,172305985,172305987
cg09446583,chr2,43398270,43398272
cg13588668,chr11,63708430,63708432
cg10738873,chr7,75579539,75579541
cg14457806,chr4,37867679,37867681
cg25300670,chr2,165617904,165617906
cg11046602,chr17,47695457,47695459
cg19915997,chr3,15492724,15492726
cg13291516,chr17,75407844,75407846
cg10278046,chr16,4802847,4802849
cg02135245,chr17,998710,998712
cg11254522,chr1,27950342,27950344
cg13873287,chr14,91791793,91791795
cg00349233,chr8,130695976,130695978
cg22881435,chr8,37732085,37732087
cg19029576,chr9,140330685,140330687
cg10505658,chr17,80084570,80084572
cg06528771,chr2,102513984,102513986
cg22894329,chr5,1495355,1495357
cg21607965,chr7,2648288,2648290
cg02141084,chr12,8834150,8834152
cg10171422,chr2,70408957,70408959
cg08584498,chr1,56961512,56961514
cg04168474,chr16,1128864,1128866
cg19911880,chr8,131353968,131353970
cg23241030,chr12,123297850,123297852
cg17891146,chr18,72973408,72973410
cg00430562,chr11,73116328,73116330
cg00090873,chr2,40714889,40714891
cg08622048,chr7,127684369,127684371
cg13747876,chr17,80195401,80195403
cg06682445,chr7,43915790,43915792
cg11432495,chr18,9894854,9894856
cg24176612,chr12,695679,695681
cg15985709,chr5,14385423,14385425
cg01719223,chr7,2205726,2205728
cg19755813,chr17,650207,650209
cg00062454,chr1,115032124,115032126
cg08567279,chr13,53313528,53313530
cg10510259,chr12,104575240,104575242
cg09723773,chr12,132541107,132541109
cg19759064,chr7,56160686,56160688
cg20807920,chr13,103424527,103424529
cg18956603,chr17,39929622,39929624
cg23774975,chr11,3848847,3848849
cg08929197,chr6,158068522,158068524
cg16071100,chr6,112042310,112042312
cg07143462,chr2,157289512,157289514
cg07553378,chr7,50726585,50726587
cg02017950,chr16,3162479,3162481
cg04150971,chr5,174938423,174938425
cg23138003,chr3,38322399,38322401
cg16852704,chr2,74743242,74743244
cg05538887,chr2,37416882,37416884
cg09981432,chr2,118614377,118614379
cg06571273,chr7,139108025,139108027
cg08435323,chr12,105592467,105592469
cg08017518,chr4,2698376,2698378
cg11249357,chr11,126184056,126184058
cg26099837,chr14,105255360,105255362
cg24697460,chr12,124908652,124908654
cg00848128,chr8,102386385,102386387
cg25554716,chr4,39765844,39765846
cg04112866,chr2,105925964,105925966
cg22280254,chr10,80760838,80760840
cg18414488,chr17,27198307,27198309
cg23021282,chr22,45623713,45623715
cg05535202,chr17,73858290,73858292
cg06643002,chr14,105735796,105735798
cg16504019,chr16,20817428,20817430
cg02804921,chr9,139924708,139924710
cg00762029,chr4,185317437,185317439
cg26759440,chr12,1644681,1644683
cg11019190,chr5,6608912,6608914
cg16865970,chr2,46063593,46063595
cg09863821,chr2,160589099,160589101
cg07766263,chr3,170303044,170303046
cg17544101,chr7,139111209,139111211
cg05348816,chr22,39804386,39804388
cg05486872,chr18,3066821,3066823
cg23991482,chr19,2324438,2324440
cg18445426,chr2,89159204,89159206
cg14007090,chr20,60915008,60915010
cg05350176,chr2,65384930,65384932
cg10923088,chr20,60976986,60976988
cg10723617,chr17,55533388,55533390
cg09041183,chr13,114270793,114270795
cg10133935,chr19,1423752,1423754
cg16249322,chr20,62199474,62199476
cg19588519,chr10,125817816,125817818
cg22568423,chr19,8590566,8590568
cg23031705,chr22,28390865,28390867
cg01154505,chr2,112940408,112940410
cg01475138,chr6,118790377,118790379
cg20949306,chr2,135926633,135926635
cg23966795,chr2,160068464,160068466
cg04204972,chr12,6747562,6747564
cg07878580,chr13,114793630,114793632
cg11310954,chr7,99950767,99950769
cg10388349,chr5,60643048,60643050
cg10217454,chr6,218488,218490
cg01150646,chr17,1377303,1377305
cg02523893,chr5,176861822,176861824
cg09046399,chr5,179264097,179264099
cg21585409,chr7,5270511,5270513
cg19602649,chr11,111250618,111250620
cg14433374,chr6,155135463,155135465
cg24806646,chr7,43682669,43682671
cg27324619,chr22,31518859,31518861
cg16229875,chr14,23589065,23589067
cg12717944,chr11,61647735,61647737
cg01740922,chr9,130473595,130473597
cg26186239,chr20,62119491,62119493
cg08897688,chr12,13256868,13256870
cg17467243,chr8,30413918,30413920
cg04422637,chr12,65155129,65155131
cg18053607,chr22,31518962,31518964
cg04387390,chr1,114414789,114414791
cg16075139,chr11,2406922,2406924
cg06127601,chr5,6607398,6607400
cg08842616,chr16,70733771,70733773
cg27237019,chr2,69811773,69811775
cg11261614,chr19,7463782,7463784
cg00116699,chr2,240205259,240205261
cg02590401,chr19,48984070,48984072
cg24397554,chr11,67845356,67845358
cg17995557,chr10,126289970,126289972
cg23030329,chr6,158178598,158178600
cg24777505,chr17,80829603,80829605
cg26783127,chr17,79128917,79128919
cg12823087,chr9,113119207,113119209
cg14755717,chr11,2415045,2415047
cg16147236,chr3,5056201,5056203
cg05860212,chr10,112183773,112183775
cg21937061,chr16,21656223,21656225
cg10917881,chr2,37863869,37863871
cg07846307,chr17,3861531,3861533
cg09289291,chr2,233853299,233853301
cg18304186,chr8,103129363,103129365
cg23440556,chr19,45487801,45487803
cg09643136,chr2,223176682,223176684
cg10899887,chr16,3162432,3162434
cg10401362,chr7,157185401,157185403
cg25573640,chr14,64228598,64228600
cg12595310,chr17,42664755,42664757
cg07223007,chr5,158643121,158643123
cg03145866,chr5,132012054,132012056
cg19005485,chr3,197272327,197272329
cg19627093,chr8,1900891,1900893
cg03319070,chr12,125345166,125345168
cg08014024,chr10,134373102,134373104
cg18462898,chr19,19282450,19282452
cg01658523,chr10,103348866,103348868
cg12062497,chr11,64567228,64567230
cg19582460,chr16,1672050,1672052
cg00216676,chr11,134112381,134112383
cg08056558,chr20,4927340,4927342
cg01584094,chr21,45254456,45254458
cg01972900,chr2,105925785,105925787
cg18678635,chr12,1687226,1687228
cg04100967,chr22,42752682,42752684
cg23334433,chr17,79129050,79129052
cg21828319,chr7,73645965,73645967
cg22820108,chr12,125003217,125003219
cg16330893,chr8,118662803,118662805
cg04475307,chr3,9694904,9694906
cg01040749,chr10,134400439,134400441
cg27124432,chr12,26512733,26512735
cg21590352,chr11,1699983,1699985
cg09367522,chr5,154172824,154172826
cg21946374,chr5,1108400,1108402
cg06292310,chr11,68581323,68581325
cg04331601,chr19,17633879,17633881
cg18148870,chr14,64933963,64933965
cg04582760,chr15,91488529,91488531
cg05287483,chr20,5551375,5551377
cg07814536,chr22,19086800,19086802
cg00292334,chr5,100115828,100115830
cg09976287,chr6,26565964,26565966
cg02313207,chr5,132279577,132279579
cg01238865,chr13,113812910,113812912
cg18405880,chr3,63978544,63978546
cg10797387,chr14,105154556,105154558
cg23666117,chr6,31629908,31629910
cg00170307,chr7,95752709,95752711
cg17790965,chr22,44392364,44392366
cg07139337,chr12,57443915,57443917
cg18265046,chr3,45529191,45529193
cg01235607,chr5,176912136,176912138
cg00391741,chr3,127307226,127307228
cg02371766,chr12,92839289,92839291
cg18694540,chr5,159859432,159859434
cg01135584,chr7,36640145,36640147
cg06496803,chr4,6940914,6940916
cg19260718,chr11,75989013,75989015
cg22856068,chr22,18125707,18125709
cg11492864,chr21,33634299,33634301
cg06784232,chr8,19463149,19463151
cg10190756,chr18,28777934,28777936
cg16365747,chr19,33162956,33162958
cg09859659,chr8,142180108,142180110
cg03930004,chr7,150778790,150778792
cg23719508,chr7,2623998,2624000
cg08617194,chr12,123875770,123875772
cg04346861,chr2,240291096,240291098
cg20156237,chr8,144543749,144543751
cg15227548,chr14,23775662,23775664
cg02647748,chr17,29281086,29281088
cg24110648,chr16,385052,385054
cg11597277,chr20,52492247,52492249
cg09043854,chr2,86831035,86831037
cg13396168,chr17,75461545,75461547
cg11803771,chr11,65408565,65408567
cg23356141,chr20,60821412,60821414
cg23858605,chr6,30153867,30153869
cg25371762,chr21,47674424,47674426
cg21650822,chr19,8367076,8367078
cg17319795,chr14,93170807,93170809
cg09831549,chr2,68947187,68947189
cg25702512,chr10,3938516,3938518
cg11618529,chr19,58952107,58952109
cg01582532,chr16,85676525,85676527
cg08066129,chr21,38077257,38077259
cg20181262,chr12,132283955,132283957
cg01811355,chr8,29914020,29914022
cg04756491,chr14,23385383,23385385
cg26152480,chr2,203473436,203473438
cg16412914,chr16,358247,358249
cg12437013,chr13,114161938,114161940
cg02167476,chr9,131667727,131667729
cg17531288,chr2,11482818,11482820
cg15286847,chr16,84690432,84690434
cg25578124,chr9,124014936,124014938
cg03024546,chr16,11223515,11223517
cg26783146,chr16,4423631,4423633
cg08788250,chr5,13986020,13986022
cg21432462,chr13,114263736,114263738
cg13916111,chr13,99140010,99140012
cg26247093,chr7,2773811,2773813
cg13790259,chr19,42704705,42704707
cg24534583,chr7,5709853,5709855
cg26090034,chr12,31752317,31752319
cg21417130,chr1,19400921,19400923
cg14078100,chr11,29303807,29303809
cg14337149,chr22,18077488,18077490
cg00320269,chr17,437834,437836
cg12583266,chr6,13391247,13391249
cg10173751,chr17,2893990,2893992
cg15777606,chr6,15496614,15496616
cg24143645,chr6,149347811,149347813
cg16085171,chr12,123569117,123569119
cg06865642,chr22,50174027,50174029
cg08098128,chr2,220112464,220112466
cg25940713,chr17,8094114,8094116
cg15942206,chr8,142182535,142182537
cg09540676,chr3,193721416,193721418
cg01898056,chr10,127751267,127751269
cg00934322,chr6,30854108,30854110
cg00343906,chr1,1696691,1696693
cg25319055,chr10,255346,255348
cg07719172,chr12,109889430,109889432
cg06690535,chr3,196352141,196352143
cg02711800,chr7,158525800,158525802
cg04011995,chr1,41326316,41326318
cg13784559,chr2,131128162,131128164
cg21062739,chr15,52420567,52420569
cg23328493,chr7,101807911,101807913
cg13843335,chr12,31456572,31456574
cg17385482,chr20,45891588,45891590
cg01407558,chr3,46339668,46339670
cg25739938,chr2,9610620,9610622
cg00256485,chr5,1494979,1494981
cg01936636,chr11,3058445,3058447
cg27186420,chr16,69975589,69975591
cg01183860,chr14,99787619,99787621
cg11460520,chr14,65121862,65121864
cg01112784,chr10,62671135,62671137
cg14783239,chr20,24961059,24961061
cg00295574,chr14,61568216,61568218
cg05762432,chr4,169663077,169663079
cg15823038,chr3,14483666,14483668
cg08326934,chr4,3081684,3081686
cg12255554,chr20,55982977,55982979
cg21863296,chr20,45989594,45989596
cg03808896,chr5,132160488,132160490
cg02737462,chr1,8572740,8572742
cg23923179,chr16,48395741,48395743
cg24409666,chr3,127299443,127299445
cg00290637,chr12,54807845,54807847
cg18332229,chr7,971129,971131
cg17291840,chr9,132579515,132579517
cg20890056,chr14,77586410,77586412
cg00873906,chr13,49148447,49148449
cg14889653,chr11,1297249,1297251
cg01938023,chr5,138855698,138855700
cg01152055,chr20,62266766,62266768
cg02319986,chr19,8568711,8568713
cg07298177,chr16,85577846,85577848
cg07283015,chr18,22039856,22039858
cg06865036,chr19,10678014,10678016
cg04476070,chr16,88679599,88679601
cg23055674,chr7,99954283,99954285
cg18994841,chr3,56950726,56950728
cg27543981,chr7,132427038,132427040
cg02812264,chr12,67843708,67843710
cg25853005,chr11,67050712,67050714
cg13618969,chr9,129184185,129184187
cg12710615,chr8,13051809,13051811
cg04853319,chr16,68827443,68827445
cg16419756,chr5,1097793,1097795
cg25395087,chr6,158409884,158409886
cg08622923,chr12,122712115,122712117
cg21805118,chr12,122712152,122712154
cg24298539,chr8,37378423,37378425
cg09623077,chr18,57298310,57298312
cg01087801,chr6,45413905,45413907
cg16473184,chr17,56468960,56468962
cg04207180,chr21,37682599,37682601
cg12857080,chr9,138967871,138967873
cg15819435,chr3,15387431,15387433
cg05355684,chr16,88720378,88720380
cg13792713,chr18,46582163,46582165
cg16089974,chr9,91965827,91965829
cg10646283,chr20,32993382,32993384
cg04276715,chr6,33254459,33254461
cg03835233,chr6,170754690,170754692
cg02159419,chr22,40797674,40797676
cg01772407,chr20,35490500,35490502
cg02270433,chr16,89845388,89845390
cg07149048,chr6,117859845,117859847
cg19259111,chr11,46478213,46478215
cg00775909,chr11,113935050,113935052
cg24848696,chr11,6226150,6226152
cg24169118,chr6,52185337,52185339
cg05226462,chr16,3162452,3162454
cg03313271,chr13,113913093,113913095
cg07401928,chr19,38411856,38411858
cg21122199,chr17,58499719,58499721
cg14990796,chr7,2116533,2116535
cg19479214,chr22,25458552,25458554
cg13920875,chr1,9776660,9776662
cg21811986,chr3,5053131,5053133
cg02769451,chr1,39826511,39826513
cg00360780,chr16,4697301,4697303
cg10388100,chr3,6167325,6167327
cg22715788,chr7,2624147,2624149
cg16689434,chr16,90089546,90089548
cg22454744,chr14,105332599,105332601
cg24864772,chr3,32449611,32449613
cg05941925,chr7,97755782,97755784
cg13255542,chr11,134120784,134120786
cg24069928,chr6,167366775,167366777
cg03948938,chr9,137263722,137263724
cg14590394,chr8,130603986,130603988
cg04759756,chr20,35273932,35273934
cg11990892,chr2,242213720,242213722
cg22312249,chr17,72779427,72779429
cg25771026,chr3,196352026,196352028
cg20794855,chr8,67365339,67365341
cg05288655,chr12,113520693,113520695
cg10726093,chr2,28661556,28661558
cg15244101,chr12,49627623,49627625
cg01426713,chr6,106517532,106517534
cg09529363,chr8,21859909,21859911
cg02185248,chr17,78748493,78748495
cg07102611,chr14,69908981,69908983
cg05595469,chr21,47845862,47845864
cg09242530,chr5,79439550,79439552
cg03278108,chr9,127117812,127117814
cg21553182,chr19,52956820,52956822
cg12840069,chr2,85655941,85655943
cg09273030,chr2,242566904,242566906
cg18729704,chr10,105159483,105159485
cg02258482,chr16,23434957,23434959
cg24320290,chr7,129240075,129240077
cg20888499,chr2,426251,426253
cg01084425,chr15,90767096,90767098
cg06857898,chr12,111560434,111560436
cg00980047,chr12,121642720,121642722
cg04602992,chr17,62009627,62009629
cg06591728,chr9,124708684,124708686
cg19205426,chr8,48282676,48282678
cg27068385,chr12,122470619,122470621
cg07516556,chr5,1475095,1475097
cg15082870,chr7,36022840,36022842
cg24135868,chr5,142217045,142217047
cg12828610,chr6,122806039,122806041
cg16339729,chr19,2324660,2324662
cg26503073,chr7,6704073,6704075
cg13084311,chr9,95491678,95491680
cg14818277,chr7,41956426,41956428
cg15339539,chr3,184890597,184890599
cg05305521,chr8,126604453,126604455
cg10470144,chr9,95029321,95029323
cg11123381,chr7,36554613,36554615
cg04682832,chr6,159240982,159240984
cg17388108,chr6,66936302,66936304
cg04089260,chr6,159538729,159538731
cg18857618,chr2,87048488,87048490
cg26077615,chr11,70204928,70204930
cg21281638,chr7,6631354,6631356
cg08251248,chr10,74086589,74086591
cg06932760,chr12,109193660,109193662
cg16216349,chr4,185316748,185316750
cg07099481,chr15,86237652,86237654
cg01026915,chr20,31056840,31056842
cg12103569,chr12,132258559,132258561
cg25369262,chr1,46649131,46649133
